-- Movie_Theater_DB --
-- Add new data in 'customer' table --
insert into 
	customer (cust_id, first_name, last_name, address, city, state)
values 
	(1, 'Joel', 'Carter', '555 Circle Dr.', 'Chicago', 'IL'),
	(2, 'Jon', 'Doe', '111 Wisconsin Ave.', 'Chicago', 'IL'),
	(3, 'Thomas', 'Jefferson', '123 Clark St.', 'Chicago', 'IL'),
	(4, 'Nabil', 'Darwish', '6241 Michigan Ave.', 'Chicago', 'IL'),
	(5, 'James', 'Caradine', '3452 Illinois St.', 'Chicago', 'IL');

------------------------------------------------------------------------------------------------------
-- Add new data in 'theater' table.
insert into 
	theater (theater_id, theater_name, location_id, city, state, auditorium1, auditorium2, auditorium3, 
	auditorium4, auditorium5)
values 
	(1, 'Pathé Tuschinski', 1, 'Chicago', 'IL', 1, 2, 4, 5, 0),
	(2, 'Le Grand Rex', 2, 'Chicago', 'IL', 1, 2, 3, 4, 5),
	(3, 'Puskin Art Cinema', 3, 'Chicago', 'IL', 2, 4, 5, 0, 0),
	(4, 'The Astor', 4, 'Chicago', 'IL', 1, 3, 5, 0, 0),
	(5, 'The Civic', 5, 'Chicago', 'IL', 1, 2, 4, 0, 0);

------------------------------------------------------------------------------------------------------
-- Add new data in 'auditorium' table.
insert into 
	auditorium (auditorium_id, auditorium_name, auditorium_type)
values 
	(0, '', ''),
	(1, 'AmateurRows', 'Standard'),
	(2, 'ArtisteWestend', 'IMAX'),
	(3, 'Amphitheater', 'Gang Ways'),
	(4, 'Auditoria', 'Stadium'),
	(5, 'Odeum', 'Booth');

------------------------------------------------------------------------------------------------------
-- Add new data in 'concessions' table.
insert into 
	concessions (prod_id, prod_name, prod_price)
values 
	('C000000001', 'Popcorn-l', 10.99),
	('C000000002', 'Popcorn-m', 7.99),
	('C000000003', 'Popcorn-s', 5.99),
	('C000000004', 'Chocolate Bar', 4.99),
	('C000000005', 'Milk Duds', 3.99);
	('C000000006', 'Hot Chocolate', 2.99),
	('C000000007', 'Cappuccino', 4.99),
	('C000000008', 'Soda', 2.99),
	('C000000009', 'ICEE', 3.99);

----------------------------------------------------------------------------------------------
-- Add new data in 'genre' table.
insert into 
	genre (genre_id, genre_desc)
values
	(1, 'Action'),
	(2, 'Drama'),
	(3, 'Comedy'),
	(4, 'Thriller'),
	(5, 'Horror'),
	(6, 'Western'),
	(7, 'SciFi'),
	(8, 'Crime'),
	(9, 'Fantasy');

------------------------------------------------------------------------------------------------------
-- Add new data in 'ratings' table.
insert into 
	ratings (rating_id, rating_desc)
values
	(1, 'G'),
	(2, 'PG'),
	(3, 'PG-13'),
	(4, 'R'),
	(5, 'NC-17');

------------------------------------------------------------------------------------------------------
-- Add new data in 'movies' table.
insert into 
	movies (movie_id, movie_title, release_date, auditorium_id, theater_id, genre_id, rating_id)
values 
	(1, 'Seven Samurai', '1954-04-26', 4, 1, 1, 4),
	(2, 'Casablanca', '1942-11-26', 1, 2, 2, 2),
	(3, 'Citizen Kane', '1942-05-01', 3, 3, 2, 2),
	(4, '12 Angry Men', '1957-04-10', 5, 4, 8, 5),
	(5, 'The Odd Couple', '1968-05-02', 2, 5, 3, 2);

------------------------------------------------------------------------------------------------
-- Add new data in 'showing_schedule' table.
insert into 
	showing_schedule (sched_id, showing_date, showing_time, auditorium_id, theater_id, movie_id)
values 
	(1, '2022-03-01', '02:35:00', 1, 1, 2),
	(2, '2022-03-01', '05:15:00', 1, 1, 2),
	(3, '2022-03-01', '08:00:00', 1, 1, 2),
	(4, '2022-03-01', '02:35:00', 3, 2, 1),
	(5, '2022-03-01', '05:15:00', 3, 2, 1),
	(6, '2022-03-01', '08:35:00', 3, 2, 1),
	(7, '2022-03-01', '02:35:00', 5, 2, 4),
	(8, '2022-03-01', '05:15:00', 5, 2, 4),
	(9, '2022-03-01', '08:00:00', 5, 2, 4),
	(10, '2022-03-01', '02:35:00', 4, 5, 3),
	(11, '2022-03-01', '05:15:00', 4, 5, 3),
	(12, '2022-03-01', '08:35:00', 4, 5, 3);

----------------------------------------------------------------------------------------------------
-- Add new data in 'movie_cast' table.
insert into 
	movie_cast (actor_id, f_name, l_name, gender, dob, role_char, movie_id)
values
	(1, 'Toshiro', 'Mifune', 'M', '1920-04-01', 'Kikuchiyo', 1),
	(2, 'Ingrid', 'Bergman', 'F', '1915-08-29', 'Ilsa Lund', 2),
	(3, 'Humphrey', 'Bogart', 'M', '1899-12-25', 'Rick Blaine', 2),
	(4, 'Orson', 'Welles', 'M', '1915-05-06', 'Charles Kane', 3),
	(5, 'Dorothy', 'Comingore', 'F', '1913-08-24', 'Susan Kane', 3),
	(6, 'Henry', 'Fonda', 'M', '1905-05-16', 'Juror # 8', 4),
	(7, 'Lee J.', 'Cobb', 'M', '1911-12-08', 'Juror # 3', 4),
	(8, 'Walter', 'Matthau', 'M', '1920-10-01', 'Oscar Madison', 5),
	(9, 'Jack', 'Lemmon', 'M', '1925-02-08', 'Felix Unger', 5);

------------------------------------------------------------------------------------------------------
-- Add new data in 'production_crew' table.
insert into 
	production_crew (crew_id, crew_fname, crew_lname, job_desc, movie_id)
values
	(1, 'Akira', 'Kurosawa', 'Director', 1),
	(2, 'Michael', 'Curtiz', 'Director', 2),
	(3, 'Orson', 'Welles', 'Director', 3),
	(4, 'Sidney', 'Lumet', 'Director', 4),
	(5, 'Gene', 'Saks', 'Director', 5),
	(6, 'Neil', 'Simon', 'Writer', 5);

------------------------------------------------------------------------------------------------------
-- Add new data in 'reservation_hdr' table.
insert into 
	reservation_hdr (reservation_no, reservation_date, total_tickets, total_charge, total_paid, status, reservation_type,
	cust_id, purchase_method, theater_id)
values
	(1, '2022-02-15', 5, 53.99, 53.99, 'Paid', 'Web', 2, 'Visa', 2),
	(2, '2022-02-17', 4, 47.99, 0.00, 'Unpaid', 'Web', 1, 'Master', 1),
	(3, '2022-02-22', 7, 104.99, 104.99, 'Paid', 'Phone', 3, 'AmExp', 5),
	(4, '2022-02-25', 2, 21.99, 0.00, 'Paid', 'Web', 4, 'Paypal', 2);

------------------------------------------------------------------------------------------------------
-- Add new data in 'reservation_dtl' table.
insert into 
	reservation_dtl (ticket_num, price, reservation_no, movie_id, show_date, show_time, auditorium_id)
values
	('T000000001', 10.99, 1, 1,'2022-03-01', '08:00:00', 3),
	('T000000002', 10.99, 1, 1, '2022-03-01', '08:00:00', 3),
	('T000000003', 10.99, 1, 1, '2022-03-01', '08:00:00', 3),
	('T000000004', 10.99, 1, 1, '2022-03-01', '08:00:00', 3),
	('T000000005', 10.99, 1, 1, '2022-03-01', '08:00:00', 3),
	('T000000006', 10.99, 2, 2, '2022-03-01', '05:15:00', 1),
	('T000000007', 10.99, 2, 2, '2022-03-01', '05:15:00', 1),
	('T000000008', 10.99, 2, 2, '2022-03-01', '05:15:00', 1),
	('T000000009', 10.99, 2, 2, '2022-03-01', '05:15:00', 1),
	('T000000010', 10.99, 3, 3, '2022-03-01', '05:15:00', 4),
	('T000000011', 10.99, 3, 3, '2022-03-01', '05:15:00', 4),
	('T000000012', 10.99, 3, 3, '2022-03-01', '05:15:00', 4),
	('T000000013', 10.99, 3, 3, '2022-03-01', '05:15:00', 4),
	('T000000014', 10.99, 3, 3, '2022-03-01', '05:15:00', 4),
	('T000000015', 10.99, 3, 3, '2022-03-01', '05:15:00', 4),
	('T000000016', 10.99, 3, 3, '2022-03-01', '05:15:00', 4),
	('T000000017', 9.99, 4, 4, '2022-03-01', '02:35:00', 5),
	('T000000018', 9.99, 4, 4, '2022-03-01', '02:35:00', 5);

------------------------------------------------------------------------------------------------------
-- Add new data in 'sales' table.
insert into 
	sales (sales_no, trans_date, item_no, item_type, charge_amt, cust_id,theater_id, reservation_no)
values
	('S000000001', '2022-02-15', 'T000000001', 'Ticket', 10.99, 2, 2, 1),
	('S000000002', '2022-02-15', 'T000000002', 'Ticket', 10.99, 2, 2, 1),
	('S000000003', '2022-02-15', 'T000000003', 'Ticket', 10.99, 2, 2, 1),
	('S000000004', '2022-02-15', 'T000000004', 'Ticket', 10.99, 2, 2, 1),
	('S000000005', '2022-02-15', 'T000000005', 'Ticket', 10.99, 2, 2, 1),
	('S000000006', '2022-02-22', 'T000000010', 'Ticket', 10.99, 3, 5, 3),
	('S000000007', '2022-02-22', 'T000000011', 'Ticket', 10.99, 3, 5, 3),
	('S000000008', '2022-02-22', 'T000000012', 'Ticket', 10.99, 3, 5, 3),
	('S000000009', '2022-02-22', 'T000000013', 'Ticket', 10.99, 3, 5, 3),
	('S000000010', '2022-02-22', 'T000000014', 'Ticket', 10.99, 3, 5, 3),
	('S000000011', '2022-02-22', 'T000000015', 'Ticket', 10.99, 3, 5, 3),
	('S000000012', '2022-02-22', 'T000000016', 'Ticket', 10.99, 3, 5, 3),
	('S000000013', '2022-02-25', 'T000000017', 'Ticket', 9.99, 4, 2, 4),
	('S000000014', '2022-02-25', 'T000000018', 'Ticket', 9.99, 4, 2, 4),
	('S000000015', '2022-03-01', 'C000000001', 'Concession', 10.99, 4, 2, 0),
	('S000000016', '2022-03-01', 'C000000001', 'Concession', 10.99, 2, 2, 0),
	('S000000017', '2022-03-01', 'C000000003', 'Concession', 5.99, 2, 2, 0),
	('S000000018', '2022-03-01', 'C000000005', 'Concession', 3.99, 2, 2, 0),
	('S000000019', '2022-03-01', 'C000000001', 'Concession', 10.99, 4, 5, 0),
	('S000000020', '2022-03-01', 'C000000001', 'Concession', 10.99, 2, 5, 0),
	('S000000021', '2022-03-01', 'C000000003', 'Concession', 5.99, 2, 5, 0),
	('S000000022', '2022-03-01', 'C000000005', 'Concession', 3.99, 2, 5, 0);
------------------------------------------------------------------------------------------------------
-- Add new data in 'payment_dtl' table.
insert into 
	payment_dtl (dtl_id, payment_num, trans_date, dtl_payment, payment_date, payment_method, item_no, item_type, sales_no)
values
	(1, 1, '2022-02-15', 10.99, '2022-02-15', 'Visa', 'T000000001', 'Ticket', 'S000000001'),
	(2, 1, '2022-02-15', 10.99, '2022-02-15', 'Visa', 'T000000002', 'Ticket', 'S000000002'),
	(3, 1, '2022-02-15', 10.99, '2022-02-15', 'Visa', 'T000000003', 'Ticket', 'S000000003'),
	(4, 1, '2022-02-15', 10.99, '2022-02-15', 'Visa', 'T000000004', 'Ticket', 'S000000004'),
	(5, 1, '2022-02-15', 10.99, '2022-02-15', 'Visa', 'T000000005', 'Ticket', 'S000000005'),
	(6, 2, '2022-02-22', 10.99, '2022-02-22', 'AmExp', 'T000000010', 'Ticket', 'S000000006'),
	(7, 2, '2022-02-22', 10.99, '2022-02-22', 'AmExp', 'T000000011', 'Ticket', 'S000000007'),
	(8, 2, '2022-02-22', 10.99, '2022-02-22', 'AmExp', 'T000000012', 'Ticket', 'S000000008'),
	(9, 2, '2022-02-22', 10.99, '2022-02-22', 'AmExp', 'T000000013', 'Ticket', 'S000000009'),
	(10, 2, '2022-02-22', 10.99, '2022-02-22', 'AmExp', 'T000000014', 'Ticket', 'S000000010'),
	(11, 2, '2022-02-22', 10.99, '2022-02-22', 'AmExp', 'T000000015', 'Ticket', 'S000000011'),
	(12, 2, '2022-02-22', 10.99, '2022-02-22', 'AmExp', 'T000000016', 'Ticket', 'S000000012'),
	(13, 3, '2022-02-25', 9.99, '2022-02-25', 'Paypal', 'T000000017', 'Ticket', 'S000000013'),
	(14, 3, '2022-02-25', 9.99, '2022-02-25', 'Paypal', 'T000000018', 'Ticket', 'S000000014'),
	(15, 4, '2022-03-01', 10.99, '2022-03-01', 'Cash', 'C000000001', 'Concession', 'S000000015'),
	(16, 5, '2022-03-01', 10.99, '2022-03-01', 'Visa', 'C000000001', 'Concession', 'S000000016'),
	(17, 5, '2022-03-01', 5.99, '2022-03-01', 'Visa', 'C000000003', 'Concession', 'S000000017'),
	(18, 5, '2022-03-01', 3.99, '2022-03-01', 'Visa', 'C000000005', 'Concession', 'S000000018'),
	(19, 6, '2022-03-01', 10.99, '2022-03-01', 'Master', 'C000000001', 'Concession', 'S000000019'),
	(20, 6, '2022-03-01', 10.99, '2022-03-01', 'Master', 'C000000001', 'Concession', 'S000000020'),	
	(21, 7, '2022-03-01', 5.99, '2022-03-01', 'AmExp', 'C000000003', 'Concession', 'S000000021'),
	(22, 7, '2022-03-01', 3.99, '2022-03-01', 'AmExp', 'C000000005', 'Concession', 'S000000022');
------------------------------------------------------------------------------------------------------